rounds,seeds,samples_per_seed,mean_of_means,stdev_of_means,min_mean,max_mean,baseline_delta
9,5,2000,0.386652,0.003911,0.379207,0.390504,-0.113348
10,5,2000,0.437913,0.002321,0.433549,0.440521,-0.062087
11,5,2000,0.473403,0.001123,0.471207,0.474334,-0.026597
12,5,2000,0.493620,0.000435,0.493133,0.494291,-0.006380
13,5,2000,0.499301,0.000731,0.498332,0.500178,-0.000699
14,5,2000,0.499936,0.000168,0.499670,0.500127,-0.000064
15,5,2000,0.499847,0.000735,0.498756,0.500764,-0.000153
